Article,Ground_Truth,Fine_Tuned_Generation
"(CNN)The Palestinian Authority officially became the 123rd member of the International Criminal Court on Wednesday, a step that gives the court jurisdiction over alleged crimes in Palestinian territor...","Membership gives the ICC jurisdiction over alleged crimes committed in Palestinian territories since last June .
Israel and the United States opposed the move, which could open the door to war crimes investigations against Israelis .","The Palestinian Authority officially became the 123rd member of the International Criminal Court on Wednesday.
It was marked with a ceremony at The Hague, in the Netherlands, where the court is based.
Israel and the United States opposed the Palestinians' efforts to join the body."
"(CNN)Never mind cats having nine lives. A stray pooch in Washington State has used up at least three of her own after being hit by a car, apparently whacked on the head with a hammer in a misguided me...","Theia, a bully breed mix, was apparently hit by a car, whacked with a hammer and buried in a field .
""She's a true miracle dog and she deserves a good life,"" says Sara Mellado, who is looking for a home for Theia .","Theia is a friendly white-and-black bully breed mix now named Theia.
She was found by a worker who took her to a vet for help.
Theia suffered a dislocated jaw, leg injuries and a caved-in sinus cavity."
"(CNN)If you've been following the news lately, there are certain things you doubtless know about Mohammad Javad Zarif. He is, of course, the Iranian foreign minister. He has been U.S. Secretary of Sta...","Mohammad Javad Zarif has spent more time with John Kerry than any other foreign minister .
He once participated in a takeover of the Iranian Consulate in San Francisco .
The Iranian foreign minister tweets in English .","Mohammad Javad Zarif has been U.S. Secretary of State John Kerry's opposite number.
He has gone a long way to bring Iran in from the cold and allow it to rejoin the international community.
In September 2013, Zarif tweeted ""Happy Rosh Hashanah,"" referring to Jewish New Year."
