Article,Ground_Truth,T5_Generation
"(CNN)The Palestinian Authority officially became the 123rd member of the International Criminal Court on Wednesday, a step that gives the court jurisdiction over alleged crimes in Palestinian territor...","Membership gives the ICC jurisdiction over alleged crimes committed in Palestinian territories since last June .
Israel and the United States opposed the move, which could open the door to war crimes investigations against Israelis .","the palestinians signed the ICC's founding Rome Statute in January.
the ICC also accepted its jurisdiction over alleged crimes committed in the occupied Palestinian territory.
the ICC opened a preliminary examination into the situation in the occupied territories."
"(CNN)Never mind cats having nine lives. A stray pooch in Washington State has used up at least three of her own after being hit by a car, apparently whacked on the head with a hammer in a misguided me...","Theia, a bully breed mix, was apparently hit by a car, whacked with a hammer and buried in a field .
""She's a true miracle dog and she deserves a good life,"" says Sara Mellado, who is looking for a home for Theia .","theia is a friendly white-and-black bully breed mix now named theia.
she was found by a worker who took her to a vet for help.
the dog's brush with death did not leave her unscathed."
"(CNN)If you've been following the news lately, there are certain things you doubtless know about Mohammad Javad Zarif. He is, of course, the Iranian foreign minister. He has been U.S. Secretary of Sta...","Mohammad Javad Zarif has spent more time with John Kerry than any other foreign minister .
He once participated in a takeover of the Iranian Consulate in San Francisco .
The Iranian foreign minister tweets in English .","""Long live Zarif,"" crowds chanted as his car rolled slowly down the packed street.
""the new year would be even sweeter if you would end Iran's Holocaust denial,"" she says.
""the man who was perceived to be denying it is now gone.
Happy New Year,"" she says."
