Article,Ground_Truth,TextRank_Generation
"(CNN)The Palestinian Authority officially became the 123rd member of the International Criminal Court on Wednesday, a step that gives the court jurisdiction over alleged crimes in Palestinian territor...","Membership gives the ICC jurisdiction over alleged crimes committed in Palestinian territories since last June .
Israel and the United States opposed the move, which could open the door to war crimes investigations against Israelis .","Later that month, the ICC opened a preliminary examination into the situation in Palestinian territories, paving the way for possible war crimes investigations against Israelis.
The Palestinians signed the ICC's founding Rome Statute in January, when they also accepted its jurisdiction over alleged crimes committed ""in the occupied Palestinian territory, including East Jerusalem, since June 13, 2014.""
""Governments seeking to penalize Palestine for joining the ICC should immediately end their pressure, and countries that support universal acceptance of the court's treaty should speak out to welcome its membership,"" said Balkees Jarrah, international justice counsel for the group."
"(CNN)Never mind cats having nine lives. A stray pooch in Washington State has used up at least three of her own after being hit by a car, apparently whacked on the head with a hammer in a misguided me...","Theia, a bully breed mix, was apparently hit by a car, whacked with a hammer and buried in a field .
""She's a true miracle dog and she deserves a good life,"" says Sara Mellado, who is looking for a home for Theia .","She was taken in by Moses Lake, Washington, resident Sara Mellado.
On the fundraising page, Mellado writes, ""She is in desperate need of extensive medical procedures to fix her nasal damage and reset her jaw.
That's according to Washington State University, where the dog -- a friendly white-and-black bully breed mix now named Theia -- has been receiving care at the Veterinary Teaching Hospital."
"(CNN)If you've been following the news lately, there are certain things you doubtless know about Mohammad Javad Zarif. He is, of course, the Iranian foreign minister. He has been U.S. Secretary of Sta...","Mohammad Javad Zarif has spent more time with John Kerry than any other foreign minister .
He once participated in a takeover of the Iranian Consulate in San Francisco .
The Iranian foreign minister tweets in English .","Zarif was nominated to be foreign minister by Ahmadinejad's successor, Hassan Rouhami.
""Iran never denied it,"" Zarif tweeted back.
Later, the website says, Zarif went to make a similar protest at the Iranian mission to the United Nations."
